SimulationTime,runNumber,CarID,count,rate
4000,38,0,6,0.0015
8000,38,0,3,0.00075
4000,38,1,2,0.0005
8000,38,1,1,0.00025
4000,38,2,7,0.00175
8000,38,2,1,0.00025
4000,38,3,6,0.0015
8000,38,3,5,0.00125
4000,38,4,4,0.001
8000,38,4,2,0.0005
4000,38,5,5,0.00125
8000,38,5,6,0.0015
4000,38,6,7,0.00175
8000,38,6,0,0
4000,38,7,4,0.001
8000,38,7,5,0.00125
4000,38,8,3,0.00075
8000,38,8,3,0.00075
4000,38,9,2,0.0005
8000,38,9,4,0.001
