SimulationTime,runNumber,CarID,count,rate
6250,42,0,7,0.00112
6250,42,1,6,0.00096
6250,42,2,5,0.0008
6250,42,3,9,0.00144
6250,42,4,9,0.00144
6250,42,5,6,0.00096
6250,42,6,7,0.00112
6250,42,7,9,0.00144
6250,42,8,6,0.00096
6250,42,9,8,0.00128
